PULocationID,PUTimeDate,PUTimeBin,PUNum
243,2018-02-01 00:00:00,1488,1
243,2018-02-01 00:30:00,1489,0
243,2018-02-01 01:00:00,1490,0
243,2018-02-01 01:30:00,1491,0
243,2018-02-01 02:00:00,1492,0
243,2018-02-01 02:30:00,1493,0
243,2018-02-01 03:00:00,1494,1
243,2018-02-01 03:30:00,1495,0
243,2018-02-01 04:00:00,1496,0
243,2018-02-01 04:30:00,1497,0
243,2018-02-01 05:00:00,1498,0
243,2018-02-01 05:30:00,1499,0
243,2018-02-01 06:00:00,1500,1
243,2018-02-01 06:30:00,1501,0
243,2018-02-01 07:00:00,1502,1
243,2018-02-01 07:30:00,1503,3
243,2018-02-01 08:00:00,1504,1
243,2018-02-01 08:30:00,1505,4
243,2018-02-01 09:00:00,1506,0
243,2018-02-01 09:30:00,1507,1
243,2018-02-01 10:00:00,1508,1
243,2018-02-01 10:30:00,1509,2
243,2018-02-01 11:00:00,1510,0
243,2018-02-01 11:30:00,1511,2
243,2018-02-01 12:00:00,1512,0
243,2018-02-01 12:30:00,1513,1
243,2018-02-01 13:00:00,1514,0
243,2018-02-01 13:30:00,1515,1
243,2018-02-01 14:00:00,1516,3
243,2018-02-01 14:30:00,1517,0
243,2018-02-01 15:00:00,1518,0
243,2018-02-01 15:30:00,1519,0
243,2018-02-01 16:00:00,1520,0
243,2018-02-01 16:30:00,1521,1
243,2018-02-01 17:00:00,1522,1
243,2018-02-01 17:30:00,1523,1
243,2018-02-01 18:00:00,1524,2
243,2018-02-01 18:30:00,1525,1
243,2018-02-01 19:00:00,1526,1
243,2018-02-01 19:30:00,1527,2
243,2018-02-01 20:00:00,1528,1
243,2018-02-01 20:30:00,1529,3
243,2018-02-01 21:00:00,1530,1
243,2018-02-01 21:30:00,1531,2
243,2018-02-01 22:00:00,1532,2
243,2018-02-01 22:30:00,1533,1
243,2018-02-01 23:00:00,1534,1
243,2018-02-01 23:30:00,1535,2
243,2018-02-02 00:00:00,1536,0
243,2018-02-02 00:30:00,1537,1
243,2018-02-02 01:00:00,1538,1
243,2018-02-02 01:30:00,1539,1
243,2018-02-02 02:00:00,1540,0
243,2018-02-02 02:30:00,1541,0
243,2018-02-02 03:00:00,1542,0
243,2018-02-02 03:30:00,1543,0
243,2018-02-02 04:00:00,1544,0
243,2018-02-02 04:30:00,1545,0
243,2018-02-02 05:00:00,1546,0
243,2018-02-02 05:30:00,1547,0
243,2018-02-02 06:00:00,1548,0
243,2018-02-02 06:30:00,1549,3
243,2018-02-02 07:00:00,1550,3
243,2018-02-02 07:30:00,1551,1
243,2018-02-02 08:00:00,1552,4
243,2018-02-02 08:30:00,1553,2
243,2018-02-02 09:00:00,1554,1
243,2018-02-02 09:30:00,1555,0
243,2018-02-02 10:00:00,1556,0
243,2018-02-02 10:30:00,1557,0
243,2018-02-02 11:00:00,1558,0
243,2018-02-02 11:30:00,1559,0
243,2018-02-02 12:00:00,1560,0
243,2018-02-02 12:30:00,1561,3
243,2018-02-02 13:00:00,1562,1
243,2018-02-02 13:30:00,1563,1
243,2018-02-02 14:00:00,1564,0
243,2018-02-02 14:30:00,1565,0
243,2018-02-02 15:00:00,1566,2
243,2018-02-02 15:30:00,1567,1
243,2018-02-02 16:00:00,1568,3
243,2018-02-02 16:30:00,1569,0
243,2018-02-02 17:00:00,1570,1
243,2018-02-02 17:30:00,1571,1
243,2018-02-02 18:00:00,1572,2
243,2018-02-02 18:30:00,1573,1
243,2018-02-02 19:00:00,1574,4
243,2018-02-02 19:30:00,1575,2
243,2018-02-02 20:00:00,1576,3
243,2018-02-02 20:30:00,1577,2
243,2018-02-02 21:00:00,1578,1
243,2018-02-02 21:30:00,1579,1
243,2018-02-02 22:00:00,1580,4
243,2018-02-02 22:30:00,1581,1
243,2018-02-02 23:00:00,1582,3
243,2018-02-02 23:30:00,1583,3
243,2018-02-03 00:00:00,1584,1
243,2018-02-03 00:30:00,1585,2
243,2018-02-03 01:00:00,1586,2
243,2018-02-03 01:30:00,1587,1
243,2018-02-03 02:00:00,1588,1
243,2018-02-03 02:30:00,1589,1
243,2018-02-03 03:00:00,1590,1
243,2018-02-03 03:30:00,1591,0
243,2018-02-03 04:00:00,1592,1
243,2018-02-03 04:30:00,1593,3
243,2018-02-03 05:00:00,1594,0
243,2018-02-03 05:30:00,1595,1
243,2018-02-03 06:00:00,1596,0
243,2018-02-03 06:30:00,1597,0
243,2018-02-03 07:00:00,1598,1
243,2018-02-03 07:30:00,1599,0
243,2018-02-03 08:00:00,1600,0
243,2018-02-03 08:30:00,1601,1
243,2018-02-03 09:00:00,1602,0
243,2018-02-03 09:30:00,1603,1
243,2018-02-03 10:00:00,1604,0
243,2018-02-03 10:30:00,1605,1
243,2018-02-03 11:00:00,1606,1
243,2018-02-03 11:30:00,1607,0
243,2018-02-03 12:00:00,1608,0
243,2018-02-03 12:30:00,1609,2
243,2018-02-03 13:00:00,1610,0
243,2018-02-03 13:30:00,1611,0
243,2018-02-03 14:00:00,1612,1
243,2018-02-03 14:30:00,1613,0
243,2018-02-03 15:00:00,1614,2
243,2018-02-03 15:30:00,1615,1
243,2018-02-03 16:00:00,1616,1
243,2018-02-03 16:30:00,1617,2
243,2018-02-03 17:00:00,1618,2
243,2018-02-03 17:30:00,1619,1
243,2018-02-03 18:00:00,1620,1
243,2018-02-03 18:30:00,1621,1
243,2018-02-03 19:00:00,1622,4
243,2018-02-03 19:30:00,1623,0
243,2018-02-03 20:00:00,1624,0
243,2018-02-03 20:30:00,1625,0
243,2018-02-03 21:00:00,1626,1
243,2018-02-03 21:30:00,1627,3
243,2018-02-03 22:00:00,1628,2
243,2018-02-03 22:30:00,1629,0
243,2018-02-03 23:00:00,1630,0
243,2018-02-03 23:30:00,1631,1
243,2018-02-04 00:00:00,1632,5
243,2018-02-04 00:30:00,1633,1
243,2018-02-04 01:00:00,1634,2
243,2018-02-04 01:30:00,1635,2
243,2018-02-04 02:00:00,1636,1
243,2018-02-04 02:30:00,1637,0
243,2018-02-04 03:00:00,1638,2
243,2018-02-04 03:30:00,1639,3
243,2018-02-04 04:00:00,1640,1
243,2018-02-04 04:30:00,1641,4
243,2018-02-04 05:00:00,1642,0
243,2018-02-04 05:30:00,1643,0
243,2018-02-04 06:00:00,1644,0
243,2018-02-04 06:30:00,1645,2
243,2018-02-04 07:00:00,1646,1
243,2018-02-04 07:30:00,1647,1
243,2018-02-04 08:00:00,1648,0
243,2018-02-04 08:30:00,1649,1
243,2018-02-04 09:00:00,1650,0
243,2018-02-04 09:30:00,1651,3
243,2018-02-04 10:00:00,1652,0
243,2018-02-04 10:30:00,1653,1
243,2018-02-04 11:00:00,1654,0
243,2018-02-04 11:30:00,1655,0
243,2018-02-04 12:00:00,1656,0
243,2018-02-04 12:30:00,1657,0
243,2018-02-04 13:00:00,1658,1
243,2018-02-04 13:30:00,1659,2
243,2018-02-04 14:00:00,1660,1
243,2018-02-04 14:30:00,1661,3
243,2018-02-04 15:00:00,1662,0
243,2018-02-04 15:30:00,1663,0
243,2018-02-04 16:00:00,1664,2
243,2018-02-04 16:30:00,1665,1
243,2018-02-04 17:00:00,1666,2
243,2018-02-04 17:30:00,1667,3
243,2018-02-04 18:00:00,1668,5
243,2018-02-04 18:30:00,1669,1
243,2018-02-04 19:00:00,1670,2
243,2018-02-04 19:30:00,1671,0
243,2018-02-04 20:00:00,1672,0
243,2018-02-04 20:30:00,1673,1
243,2018-02-04 21:00:00,1674,1
243,2018-02-04 21:30:00,1675,1
243,2018-02-04 22:00:00,1676,2
243,2018-02-04 22:30:00,1677,6
243,2018-02-04 23:00:00,1678,5
243,2018-02-04 23:30:00,1679,1
243,2018-02-05 00:00:00,1680,7
243,2018-02-05 00:30:00,1681,0
243,2018-02-05 01:00:00,1682,0
243,2018-02-05 01:30:00,1683,1
243,2018-02-05 02:00:00,1684,1
243,2018-02-05 02:30:00,1685,1
243,2018-02-05 03:00:00,1686,0
243,2018-02-05 03:30:00,1687,0
243,2018-02-05 04:00:00,1688,3
243,2018-02-05 04:30:00,1689,0
243,2018-02-05 05:00:00,1690,0
243,2018-02-05 05:30:00,1691,0
243,2018-02-05 06:00:00,1692,1
243,2018-02-05 06:30:00,1693,0
243,2018-02-05 07:00:00,1694,1
243,2018-02-05 07:30:00,1695,1
243,2018-02-05 08:00:00,1696,4
243,2018-02-05 08:30:00,1697,1
243,2018-02-05 09:00:00,1698,2
243,2018-02-05 09:30:00,1699,1
243,2018-02-05 10:00:00,1700,1
243,2018-02-05 10:30:00,1701,0
243,2018-02-05 11:00:00,1702,0
243,2018-02-05 11:30:00,1703,0
243,2018-02-05 12:00:00,1704,0
243,2018-02-05 12:30:00,1705,0
243,2018-02-05 13:00:00,1706,2
243,2018-02-05 13:30:00,1707,0
243,2018-02-05 14:00:00,1708,0
243,2018-02-05 14:30:00,1709,0
243,2018-02-05 15:00:00,1710,0
243,2018-02-05 15:30:00,1711,0
243,2018-02-05 16:00:00,1712,2
243,2018-02-05 16:30:00,1713,0
243,2018-02-05 17:00:00,1714,0
243,2018-02-05 17:30:00,1715,1
243,2018-02-05 18:00:00,1716,2
243,2018-02-05 18:30:00,1717,1
243,2018-02-05 19:00:00,1718,3
243,2018-02-05 19:30:00,1719,2
243,2018-02-05 20:00:00,1720,1
243,2018-02-05 20:30:00,1721,1
243,2018-02-05 21:00:00,1722,3
243,2018-02-05 21:30:00,1723,0
243,2018-02-05 22:00:00,1724,2
243,2018-02-05 22:30:00,1725,0
243,2018-02-05 23:00:00,1726,2
243,2018-02-05 23:30:00,1727,1
243,2018-02-06 00:00:00,1728,0
243,2018-02-06 00:30:00,1729,0
243,2018-02-06 01:00:00,1730,0
243,2018-02-06 01:30:00,1731,0
243,2018-02-06 02:00:00,1732,1
243,2018-02-06 02:30:00,1733,0
243,2018-02-06 03:00:00,1734,0
243,2018-02-06 03:30:00,1735,0
243,2018-02-06 04:00:00,1736,1
243,2018-02-06 04:30:00,1737,0
243,2018-02-06 05:00:00,1738,0
243,2018-02-06 05:30:00,1739,0
243,2018-02-06 06:00:00,1740,0
243,2018-02-06 06:30:00,1741,0
243,2018-02-06 07:00:00,1742,2
243,2018-02-06 07:30:00,1743,0
243,2018-02-06 08:00:00,1744,3
243,2018-02-06 08:30:00,1745,0
243,2018-02-06 09:00:00,1746,1
243,2018-02-06 09:30:00,1747,0
243,2018-02-06 10:00:00,1748,0
243,2018-02-06 10:30:00,1749,0
243,2018-02-06 11:00:00,1750,0
243,2018-02-06 11:30:00,1751,1
243,2018-02-06 12:00:00,1752,0
243,2018-02-06 12:30:00,1753,0
243,2018-02-06 13:00:00,1754,1
243,2018-02-06 13:30:00,1755,1
243,2018-02-06 14:00:00,1756,3
243,2018-02-06 14:30:00,1757,2
243,2018-02-06 15:00:00,1758,1
243,2018-02-06 15:30:00,1759,0
243,2018-02-06 16:00:00,1760,1
243,2018-02-06 16:30:00,1761,0
243,2018-02-06 17:00:00,1762,0
243,2018-02-06 17:30:00,1763,2
243,2018-02-06 18:00:00,1764,1
243,2018-02-06 18:30:00,1765,2
243,2018-02-06 19:00:00,1766,2
243,2018-02-06 19:30:00,1767,1
243,2018-02-06 20:00:00,1768,1
243,2018-02-06 20:30:00,1769,0
243,2018-02-06 21:00:00,1770,0
243,2018-02-06 21:30:00,1771,1
243,2018-02-06 22:00:00,1772,3
243,2018-02-06 22:30:00,1773,1
243,2018-02-06 23:00:00,1774,1
243,2018-02-06 23:30:00,1775,1
243,2018-02-07 00:00:00,1776,1
243,2018-02-07 00:30:00,1777,1
243,2018-02-07 01:00:00,1778,0
243,2018-02-07 01:30:00,1779,0
243,2018-02-07 02:00:00,1780,0
243,2018-02-07 02:30:00,1781,0
243,2018-02-07 03:00:00,1782,0
243,2018-02-07 03:30:00,1783,1
243,2018-02-07 04:00:00,1784,0
243,2018-02-07 04:30:00,1785,0
243,2018-02-07 05:00:00,1786,0
243,2018-02-07 05:30:00,1787,0
243,2018-02-07 06:00:00,1788,0
243,2018-02-07 06:30:00,1789,2
243,2018-02-07 07:00:00,1790,0
243,2018-02-07 07:30:00,1791,3
243,2018-02-07 08:00:00,1792,3
243,2018-02-07 08:30:00,1793,1
243,2018-02-07 09:00:00,1794,4
243,2018-02-07 09:30:00,1795,0
243,2018-02-07 10:00:00,1796,1
243,2018-02-07 10:30:00,1797,0
243,2018-02-07 11:00:00,1798,1
243,2018-02-07 11:30:00,1799,0
243,2018-02-07 12:00:00,1800,1
243,2018-02-07 12:30:00,1801,1
243,2018-02-07 13:00:00,1802,0
243,2018-02-07 13:30:00,1803,0
243,2018-02-07 14:00:00,1804,0
243,2018-02-07 14:30:00,1805,0
243,2018-02-07 15:00:00,1806,1
243,2018-02-07 15:30:00,1807,1
243,2018-02-07 16:00:00,1808,1
243,2018-02-07 16:30:00,1809,0
243,2018-02-07 17:00:00,1810,0
243,2018-02-07 17:30:00,1811,1
243,2018-02-07 18:00:00,1812,1
243,2018-02-07 18:30:00,1813,3
243,2018-02-07 19:00:00,1814,1
243,2018-02-07 19:30:00,1815,0
243,2018-02-07 20:00:00,1816,2
243,2018-02-07 20:30:00,1817,0
243,2018-02-07 21:00:00,1818,1
243,2018-02-07 21:30:00,1819,3
243,2018-02-07 22:00:00,1820,1
243,2018-02-07 22:30:00,1821,1
243,2018-02-07 23:00:00,1822,4
243,2018-02-07 23:30:00,1823,2
243,2018-02-08 00:00:00,1824,0
243,2018-02-08 00:30:00,1825,0
243,2018-02-08 01:00:00,1826,0
243,2018-02-08 01:30:00,1827,0
243,2018-02-08 02:00:00,1828,1
243,2018-02-08 02:30:00,1829,0
243,2018-02-08 03:00:00,1830,0
243,2018-02-08 03:30:00,1831,0
243,2018-02-08 04:00:00,1832,1
243,2018-02-08 04:30:00,1833,0
243,2018-02-08 05:00:00,1834,0
243,2018-02-08 05:30:00,1835,0
243,2018-02-08 06:00:00,1836,0
243,2018-02-08 06:30:00,1837,1
243,2018-02-08 07:00:00,1838,0
243,2018-02-08 07:30:00,1839,4
243,2018-02-08 08:00:00,1840,5
243,2018-02-08 08:30:00,1841,0
243,2018-02-08 09:00:00,1842,0
243,2018-02-08 09:30:00,1843,0
243,2018-02-08 10:00:00,1844,1
243,2018-02-08 10:30:00,1845,0
243,2018-02-08 11:00:00,1846,0
243,2018-02-08 11:30:00,1847,1
243,2018-02-08 12:00:00,1848,3
243,2018-02-08 12:30:00,1849,0
243,2018-02-08 13:00:00,1850,0
243,2018-02-08 13:30:00,1851,0
243,2018-02-08 14:00:00,1852,0
243,2018-02-08 14:30:00,1853,1
243,2018-02-08 15:00:00,1854,3
243,2018-02-08 15:30:00,1855,2
243,2018-02-08 16:00:00,1856,0
243,2018-02-08 16:30:00,1857,1
243,2018-02-08 17:00:00,1858,0
243,2018-02-08 17:30:00,1859,1
243,2018-02-08 18:00:00,1860,0
243,2018-02-08 18:30:00,1861,1
243,2018-02-08 19:00:00,1862,0
243,2018-02-08 19:30:00,1863,1
243,2018-02-08 20:00:00,1864,3
243,2018-02-08 20:30:00,1865,0
243,2018-02-08 21:00:00,1866,2
243,2018-02-08 21:30:00,1867,2
243,2018-02-08 22:00:00,1868,6
243,2018-02-08 22:30:00,1869,1
243,2018-02-08 23:00:00,1870,4
243,2018-02-08 23:30:00,1871,4
243,2018-02-09 00:00:00,1872,0
243,2018-02-09 00:30:00,1873,1
243,2018-02-09 01:00:00,1874,0
243,2018-02-09 01:30:00,1875,1
243,2018-02-09 02:00:00,1876,2
243,2018-02-09 02:30:00,1877,0
243,2018-02-09 03:00:00,1878,1
243,2018-02-09 03:30:00,1879,0
243,2018-02-09 04:00:00,1880,0
243,2018-02-09 04:30:00,1881,0
243,2018-02-09 05:00:00,1882,0
243,2018-02-09 05:30:00,1883,0
243,2018-02-09 06:00:00,1884,0
243,2018-02-09 06:30:00,1885,2
243,2018-02-09 07:00:00,1886,0
243,2018-02-09 07:30:00,1887,3
243,2018-02-09 08:00:00,1888,1
243,2018-02-09 08:30:00,1889,1
243,2018-02-09 09:00:00,1890,0
243,2018-02-09 09:30:00,1891,0
243,2018-02-09 10:00:00,1892,1
243,2018-02-09 10:30:00,1893,0
243,2018-02-09 11:00:00,1894,1
243,2018-02-09 11:30:00,1895,1
243,2018-02-09 12:00:00,1896,3
243,2018-02-09 12:30:00,1897,0
243,2018-02-09 13:00:00,1898,1
243,2018-02-09 13:30:00,1899,0
243,2018-02-09 14:00:00,1900,1
243,2018-02-09 14:30:00,1901,1
243,2018-02-09 15:00:00,1902,0
243,2018-02-09 15:30:00,1903,2
243,2018-02-09 16:00:00,1904,0
243,2018-02-09 16:30:00,1905,1
243,2018-02-09 17:00:00,1906,1
243,2018-02-09 17:30:00,1907,0
243,2018-02-09 18:00:00,1908,0
243,2018-02-09 18:30:00,1909,2
243,2018-02-09 19:00:00,1910,1
243,2018-02-09 19:30:00,1911,0
243,2018-02-09 20:00:00,1912,2
243,2018-02-09 20:30:00,1913,2
243,2018-02-09 21:00:00,1914,0
243,2018-02-09 21:30:00,1915,1
243,2018-02-09 22:00:00,1916,3
243,2018-02-09 22:30:00,1917,5
243,2018-02-09 23:00:00,1918,3
243,2018-02-09 23:30:00,1919,3
243,2018-02-10 00:00:00,1920,3
243,2018-02-10 00:30:00,1921,4
243,2018-02-10 01:00:00,1922,1
243,2018-02-10 01:30:00,1923,1
243,2018-02-10 02:00:00,1924,2
243,2018-02-10 02:30:00,1925,0
243,2018-02-10 03:00:00,1926,2
243,2018-02-10 03:30:00,1927,2
243,2018-02-10 04:00:00,1928,3
243,2018-02-10 04:30:00,1929,4
243,2018-02-10 05:00:00,1930,1
243,2018-02-10 05:30:00,1931,1
243,2018-02-10 06:00:00,1932,0
243,2018-02-10 06:30:00,1933,0
243,2018-02-10 07:00:00,1934,0
243,2018-02-10 07:30:00,1935,1
243,2018-02-10 08:00:00,1936,3
243,2018-02-10 08:30:00,1937,1
243,2018-02-10 09:00:00,1938,3
243,2018-02-10 09:30:00,1939,4
243,2018-02-10 10:00:00,1940,0
243,2018-02-10 10:30:00,1941,1
243,2018-02-10 11:00:00,1942,1
243,2018-02-10 11:30:00,1943,2
243,2018-02-10 12:00:00,1944,2
243,2018-02-10 12:30:00,1945,4
243,2018-02-10 13:00:00,1946,2
243,2018-02-10 13:30:00,1947,2
243,2018-02-10 14:00:00,1948,1
243,2018-02-10 14:30:00,1949,2
243,2018-02-10 15:00:00,1950,1
243,2018-02-10 15:30:00,1951,4
243,2018-02-10 16:00:00,1952,1
243,2018-02-10 16:30:00,1953,1
243,2018-02-10 17:00:00,1954,0
243,2018-02-10 17:30:00,1955,3
243,2018-02-10 18:00:00,1956,3
243,2018-02-10 18:30:00,1957,3
243,2018-02-10 19:00:00,1958,3
243,2018-02-10 19:30:00,1959,2
243,2018-02-10 20:00:00,1960,2
243,2018-02-10 20:30:00,1961,1
243,2018-02-10 21:00:00,1962,0
243,2018-02-10 21:30:00,1963,1
243,2018-02-10 22:00:00,1964,2
243,2018-02-10 22:30:00,1965,1
243,2018-02-10 23:00:00,1966,0
243,2018-02-10 23:30:00,1967,3
243,2018-02-11 00:00:00,1968,3
243,2018-02-11 00:30:00,1969,1
243,2018-02-11 01:00:00,1970,2
243,2018-02-11 01:30:00,1971,0
243,2018-02-11 02:00:00,1972,1
243,2018-02-11 02:30:00,1973,1
243,2018-02-11 03:00:00,1974,1
243,2018-02-11 03:30:00,1975,2
243,2018-02-11 04:00:00,1976,0
243,2018-02-11 04:30:00,1977,1
243,2018-02-11 05:00:00,1978,0
243,2018-02-11 05:30:00,1979,0
243,2018-02-11 06:00:00,1980,0
243,2018-02-11 06:30:00,1981,1
243,2018-02-11 07:00:00,1982,1
243,2018-02-11 07:30:00,1983,0
243,2018-02-11 08:00:00,1984,5
243,2018-02-11 08:30:00,1985,3
243,2018-02-11 09:00:00,1986,2
243,2018-02-11 09:30:00,1987,1
243,2018-02-11 10:00:00,1988,1
243,2018-02-11 10:30:00,1989,3
243,2018-02-11 11:00:00,1990,1
243,2018-02-11 11:30:00,1991,1
243,2018-02-11 12:00:00,1992,1
243,2018-02-11 12:30:00,1993,0
243,2018-02-11 13:00:00,1994,2
243,2018-02-11 13:30:00,1995,3
243,2018-02-11 14:00:00,1996,1
243,2018-02-11 14:30:00,1997,3
243,2018-02-11 15:00:00,1998,1
243,2018-02-11 15:30:00,1999,1
243,2018-02-11 16:00:00,2000,2
243,2018-02-11 16:30:00,2001,2
243,2018-02-11 17:00:00,2002,1
243,2018-02-11 17:30:00,2003,1
243,2018-02-11 18:00:00,2004,1
243,2018-02-11 18:30:00,2005,3
243,2018-02-11 19:00:00,2006,0
243,2018-02-11 19:30:00,2007,3
243,2018-02-11 20:00:00,2008,1
243,2018-02-11 20:30:00,2009,0
243,2018-02-11 21:00:00,2010,4
243,2018-02-11 21:30:00,2011,1
243,2018-02-11 22:00:00,2012,4
243,2018-02-11 22:30:00,2013,1
243,2018-02-11 23:00:00,2014,0
243,2018-02-11 23:30:00,2015,2
243,2018-02-12 00:00:00,2016,0
243,2018-02-12 00:30:00,2017,0
243,2018-02-12 01:00:00,2018,0
243,2018-02-12 01:30:00,2019,1
243,2018-02-12 02:00:00,2020,0
243,2018-02-12 02:30:00,2021,4
243,2018-02-12 03:00:00,2022,0
243,2018-02-12 03:30:00,2023,0
243,2018-02-12 04:00:00,2024,1
243,2018-02-12 04:30:00,2025,0
243,2018-02-12 05:00:00,2026,0
243,2018-02-12 05:30:00,2027,0
243,2018-02-12 06:00:00,2028,1
243,2018-02-12 06:30:00,2029,1
243,2018-02-12 07:00:00,2030,0
243,2018-02-12 07:30:00,2031,0
243,2018-02-12 08:00:00,2032,0
243,2018-02-12 08:30:00,2033,0
243,2018-02-12 09:00:00,2034,1
243,2018-02-12 09:30:00,2035,3
243,2018-02-12 10:00:00,2036,0
243,2018-02-12 10:30:00,2037,0
243,2018-02-12 11:00:00,2038,1
243,2018-02-12 11:30:00,2039,2
243,2018-02-12 12:00:00,2040,1
243,2018-02-12 12:30:00,2041,0
243,2018-02-12 13:00:00,2042,0
243,2018-02-12 13:30:00,2043,0
243,2018-02-12 14:00:00,2044,0
243,2018-02-12 14:30:00,2045,1
243,2018-02-12 15:00:00,2046,0
243,2018-02-12 15:30:00,2047,1
243,2018-02-12 16:00:00,2048,0
243,2018-02-12 16:30:00,2049,0
243,2018-02-12 17:00:00,2050,1
243,2018-02-12 17:30:00,2051,1
243,2018-02-12 18:00:00,2052,1
243,2018-02-12 18:30:00,2053,0
243,2018-02-12 19:00:00,2054,1
243,2018-02-12 19:30:00,2055,0
243,2018-02-12 20:00:00,2056,0
243,2018-02-12 20:30:00,2057,0
243,2018-02-12 21:00:00,2058,0
243,2018-02-12 21:30:00,2059,2
243,2018-02-12 22:00:00,2060,0
243,2018-02-12 22:30:00,2061,2
243,2018-02-12 23:00:00,2062,0
243,2018-02-12 23:30:00,2063,2
243,2018-02-13 00:00:00,2064,0
243,2018-02-13 00:30:00,2065,1
243,2018-02-13 01:00:00,2066,0
243,2018-02-13 01:30:00,2067,1
243,2018-02-13 02:00:00,2068,1
243,2018-02-13 02:30:00,2069,1
243,2018-02-13 03:00:00,2070,0
243,2018-02-13 03:30:00,2071,0
243,2018-02-13 04:00:00,2072,0
243,2018-02-13 04:30:00,2073,0
243,2018-02-13 05:00:00,2074,0
243,2018-02-13 05:30:00,2075,0
243,2018-02-13 06:00:00,2076,1
243,2018-02-13 06:30:00,2077,1
243,2018-02-13 07:00:00,2078,2
243,2018-02-13 07:30:00,2079,1
243,2018-02-13 08:00:00,2080,3
243,2018-02-13 08:30:00,2081,3
243,2018-02-13 09:00:00,2082,0
243,2018-02-13 09:30:00,2083,4
243,2018-02-13 10:00:00,2084,1
243,2018-02-13 10:30:00,2085,0
243,2018-02-13 11:00:00,2086,2
243,2018-02-13 11:30:00,2087,1
243,2018-02-13 12:00:00,2088,1
243,2018-02-13 12:30:00,2089,1
243,2018-02-13 13:00:00,2090,1
243,2018-02-13 13:30:00,2091,1
243,2018-02-13 14:00:00,2092,0
243,2018-02-13 14:30:00,2093,0
243,2018-02-13 15:00:00,2094,0
243,2018-02-13 15:30:00,2095,0
243,2018-02-13 16:00:00,2096,0
243,2018-02-13 16:30:00,2097,0
243,2018-02-13 17:00:00,2098,1
243,2018-02-13 17:30:00,2099,0
243,2018-02-13 18:00:00,2100,0
243,2018-02-13 18:30:00,2101,1
243,2018-02-13 19:00:00,2102,0
243,2018-02-13 19:30:00,2103,3
243,2018-02-13 20:00:00,2104,0
243,2018-02-13 20:30:00,2105,1
243,2018-02-13 21:00:00,2106,0
243,2018-02-13 21:30:00,2107,1
243,2018-02-13 22:00:00,2108,5
243,2018-02-13 22:30:00,2109,2
243,2018-02-13 23:00:00,2110,5
243,2018-02-13 23:30:00,2111,0
243,2018-02-14 00:00:00,2112,4
243,2018-02-14 00:30:00,2113,2
243,2018-02-14 01:00:00,2114,2
243,2018-02-14 01:30:00,2115,0
243,2018-02-14 02:00:00,2116,0
243,2018-02-14 02:30:00,2117,0
243,2018-02-14 03:00:00,2118,0
243,2018-02-14 03:30:00,2119,0
243,2018-02-14 04:00:00,2120,0
243,2018-02-14 04:30:00,2121,0
243,2018-02-14 05:00:00,2122,0
243,2018-02-14 05:30:00,2123,0
243,2018-02-14 06:00:00,2124,0
243,2018-02-14 06:30:00,2125,1
243,2018-02-14 07:00:00,2126,1
243,2018-02-14 07:30:00,2127,3
243,2018-02-14 08:00:00,2128,4
243,2018-02-14 08:30:00,2129,0
243,2018-02-14 09:00:00,2130,2
243,2018-02-14 09:30:00,2131,0
243,2018-02-14 10:00:00,2132,1
243,2018-02-14 10:30:00,2133,0
243,2018-02-14 11:00:00,2134,1
243,2018-02-14 11:30:00,2135,0
243,2018-02-14 12:00:00,2136,0
243,2018-02-14 12:30:00,2137,2
243,2018-02-14 13:00:00,2138,0
243,2018-02-14 13:30:00,2139,2
243,2018-02-14 14:00:00,2140,0
243,2018-02-14 14:30:00,2141,0
243,2018-02-14 15:00:00,2142,0
243,2018-02-14 15:30:00,2143,1
243,2018-02-14 16:00:00,2144,0
243,2018-02-14 16:30:00,2145,0
243,2018-02-14 17:00:00,2146,0
243,2018-02-14 17:30:00,2147,1
243,2018-02-14 18:00:00,2148,0
243,2018-02-14 18:30:00,2149,3
243,2018-02-14 19:00:00,2150,1
243,2018-02-14 19:30:00,2151,1
243,2018-02-14 20:00:00,2152,3
243,2018-02-14 20:30:00,2153,1
243,2018-02-14 21:00:00,2154,2
243,2018-02-14 21:30:00,2155,0
243,2018-02-14 22:00:00,2156,2
243,2018-02-14 22:30:00,2157,0
243,2018-02-14 23:00:00,2158,5
243,2018-02-14 23:30:00,2159,2
243,2018-02-15 00:00:00,2160,2
243,2018-02-15 00:30:00,2161,1
243,2018-02-15 01:00:00,2162,5
243,2018-02-15 01:30:00,2163,0
243,2018-02-15 02:00:00,2164,0
243,2018-02-15 02:30:00,2165,0
243,2018-02-15 03:00:00,2166,0
243,2018-02-15 03:30:00,2167,0
243,2018-02-15 04:00:00,2168,0
243,2018-02-15 04:30:00,2169,0
243,2018-02-15 05:00:00,2170,0
243,2018-02-15 05:30:00,2171,0
243,2018-02-15 06:00:00,2172,0
243,2018-02-15 06:30:00,2173,1
243,2018-02-15 07:00:00,2174,0
243,2018-02-15 07:30:00,2175,1
243,2018-02-15 08:00:00,2176,6
243,2018-02-15 08:30:00,2177,2
243,2018-02-15 09:00:00,2178,1
243,2018-02-15 09:30:00,2179,0
243,2018-02-15 10:00:00,2180,0
243,2018-02-15 10:30:00,2181,2
243,2018-02-15 11:00:00,2182,1
243,2018-02-15 11:30:00,2183,1
243,2018-02-15 12:00:00,2184,1
243,2018-02-15 12:30:00,2185,1
243,2018-02-15 13:00:00,2186,0
243,2018-02-15 13:30:00,2187,2
243,2018-02-15 14:00:00,2188,0
243,2018-02-15 14:30:00,2189,0
243,2018-02-15 15:00:00,2190,0
243,2018-02-15 15:30:00,2191,0
243,2018-02-15 16:00:00,2192,0
243,2018-02-15 16:30:00,2193,3
243,2018-02-15 17:00:00,2194,1
243,2018-02-15 17:30:00,2195,1
243,2018-02-15 18:00:00,2196,0
243,2018-02-15 18:30:00,2197,0
243,2018-02-15 19:00:00,2198,2
243,2018-02-15 19:30:00,2199,3
243,2018-02-15 20:00:00,2200,0
243,2018-02-15 20:30:00,2201,4
243,2018-02-15 21:00:00,2202,2
243,2018-02-15 21:30:00,2203,3
243,2018-02-15 22:00:00,2204,0
243,2018-02-15 22:30:00,2205,1
243,2018-02-15 23:00:00,2206,1
243,2018-02-15 23:30:00,2207,1
243,2018-02-16 00:00:00,2208,2
243,2018-02-16 00:30:00,2209,3
243,2018-02-16 01:00:00,2210,0
243,2018-02-16 01:30:00,2211,0
243,2018-02-16 02:00:00,2212,2
243,2018-02-16 02:30:00,2213,1
243,2018-02-16 03:00:00,2214,1
243,2018-02-16 03:30:00,2215,0
243,2018-02-16 04:00:00,2216,0
243,2018-02-16 04:30:00,2217,0
243,2018-02-16 05:00:00,2218,1
243,2018-02-16 05:30:00,2219,0
243,2018-02-16 06:00:00,2220,0
243,2018-02-16 06:30:00,2221,1
243,2018-02-16 07:00:00,2222,2
243,2018-02-16 07:30:00,2223,0
243,2018-02-16 08:00:00,2224,2
243,2018-02-16 08:30:00,2225,0
243,2018-02-16 09:00:00,2226,0
243,2018-02-16 09:30:00,2227,1
243,2018-02-16 10:00:00,2228,0
243,2018-02-16 10:30:00,2229,2
243,2018-02-16 11:00:00,2230,1
243,2018-02-16 11:30:00,2231,0
243,2018-02-16 12:00:00,2232,0
243,2018-02-16 12:30:00,2233,0
243,2018-02-16 13:00:00,2234,1
243,2018-02-16 13:30:00,2235,1
243,2018-02-16 14:00:00,2236,1
243,2018-02-16 14:30:00,2237,2
243,2018-02-16 15:00:00,2238,3
243,2018-02-16 15:30:00,2239,1
243,2018-02-16 16:00:00,2240,0
243,2018-02-16 16:30:00,2241,0
243,2018-02-16 17:00:00,2242,0
243,2018-02-16 17:30:00,2243,2
243,2018-02-16 18:00:00,2244,1
243,2018-02-16 18:30:00,2245,3
243,2018-02-16 19:00:00,2246,2
243,2018-02-16 19:30:00,2247,2
243,2018-02-16 20:00:00,2248,0
243,2018-02-16 20:30:00,2249,1
243,2018-02-16 21:00:00,2250,1
243,2018-02-16 21:30:00,2251,0
243,2018-02-16 22:00:00,2252,3
243,2018-02-16 22:30:00,2253,2
243,2018-02-16 23:00:00,2254,2
243,2018-02-16 23:30:00,2255,5
243,2018-02-17 00:00:00,2256,3
243,2018-02-17 00:30:00,2257,5
243,2018-02-17 01:00:00,2258,5
243,2018-02-17 01:30:00,2259,4
243,2018-02-17 02:00:00,2260,2
243,2018-02-17 02:30:00,2261,1
243,2018-02-17 03:00:00,2262,0
243,2018-02-17 03:30:00,2263,3
243,2018-02-17 04:00:00,2264,2
243,2018-02-17 04:30:00,2265,0
243,2018-02-17 05:00:00,2266,0
243,2018-02-17 05:30:00,2267,0
243,2018-02-17 06:00:00,2268,1
243,2018-02-17 06:30:00,2269,1
243,2018-02-17 07:00:00,2270,1
243,2018-02-17 07:30:00,2271,2
243,2018-02-17 08:00:00,2272,1
243,2018-02-17 08:30:00,2273,2
243,2018-02-17 09:00:00,2274,2
243,2018-02-17 09:30:00,2275,3
243,2018-02-17 10:00:00,2276,2
243,2018-02-17 10:30:00,2277,3
243,2018-02-17 11:00:00,2278,1
243,2018-02-17 11:30:00,2279,1
243,2018-02-17 12:00:00,2280,2
243,2018-02-17 12:30:00,2281,0
243,2018-02-17 13:00:00,2282,1
243,2018-02-17 13:30:00,2283,4
243,2018-02-17 14:00:00,2284,4
243,2018-02-17 14:30:00,2285,2
243,2018-02-17 15:00:00,2286,2
243,2018-02-17 15:30:00,2287,2
243,2018-02-17 16:00:00,2288,0
243,2018-02-17 16:30:00,2289,1
243,2018-02-17 17:00:00,2290,3
243,2018-02-17 17:30:00,2291,4
243,2018-02-17 18:00:00,2292,2
243,2018-02-17 18:30:00,2293,2
243,2018-02-17 19:00:00,2294,2
243,2018-02-17 19:30:00,2295,2
243,2018-02-17 20:00:00,2296,2
243,2018-02-17 20:30:00,2297,2
243,2018-02-17 21:00:00,2298,2
243,2018-02-17 21:30:00,2299,4
243,2018-02-17 22:00:00,2300,5
243,2018-02-17 22:30:00,2301,1
243,2018-02-17 23:00:00,2302,2
243,2018-02-17 23:30:00,2303,5
243,2018-02-18 00:00:00,2304,4
243,2018-02-18 00:30:00,2305,4
243,2018-02-18 01:00:00,2306,1
243,2018-02-18 01:30:00,2307,2
243,2018-02-18 02:00:00,2308,3
243,2018-02-18 02:30:00,2309,3
243,2018-02-18 03:00:00,2310,3
243,2018-02-18 03:30:00,2311,0
243,2018-02-18 04:00:00,2312,0
243,2018-02-18 04:30:00,2313,0
243,2018-02-18 05:00:00,2314,0
243,2018-02-18 05:30:00,2315,0
243,2018-02-18 06:00:00,2316,0
243,2018-02-18 06:30:00,2317,0
243,2018-02-18 07:00:00,2318,2
243,2018-02-18 07:30:00,2319,1
243,2018-02-18 08:00:00,2320,2
243,2018-02-18 08:30:00,2321,2
243,2018-02-18 09:00:00,2322,0
243,2018-02-18 09:30:00,2323,1
243,2018-02-18 10:00:00,2324,1
243,2018-02-18 10:30:00,2325,1
243,2018-02-18 11:00:00,2326,1
243,2018-02-18 11:30:00,2327,2
243,2018-02-18 12:00:00,2328,0
243,2018-02-18 12:30:00,2329,0
243,2018-02-18 13:00:00,2330,0
243,2018-02-18 13:30:00,2331,1
243,2018-02-18 14:00:00,2332,1
243,2018-02-18 14:30:00,2333,2
243,2018-02-18 15:00:00,2334,1
243,2018-02-18 15:30:00,2335,2
243,2018-02-18 16:00:00,2336,1
243,2018-02-18 16:30:00,2337,2
243,2018-02-18 17:00:00,2338,1
243,2018-02-18 17:30:00,2339,3
243,2018-02-18 18:00:00,2340,3
243,2018-02-18 18:30:00,2341,3
243,2018-02-18 19:00:00,2342,1
243,2018-02-18 19:30:00,2343,0
243,2018-02-18 20:00:00,2344,1
243,2018-02-18 20:30:00,2345,1
243,2018-02-18 21:00:00,2346,3
243,2018-02-18 21:30:00,2347,2
243,2018-02-18 22:00:00,2348,1
243,2018-02-18 22:30:00,2349,0
243,2018-02-18 23:00:00,2350,2
243,2018-02-18 23:30:00,2351,2
243,2018-02-19 00:00:00,2352,3
243,2018-02-19 00:30:00,2353,0
243,2018-02-19 01:00:00,2354,4
243,2018-02-19 01:30:00,2355,2
243,2018-02-19 02:00:00,2356,1
243,2018-02-19 02:30:00,2357,0
243,2018-02-19 03:00:00,2358,0
243,2018-02-19 03:30:00,2359,2
243,2018-02-19 04:00:00,2360,2
243,2018-02-19 04:30:00,2361,1
243,2018-02-19 05:00:00,2362,1
243,2018-02-19 05:30:00,2363,0
243,2018-02-19 06:00:00,2364,0
243,2018-02-19 06:30:00,2365,0
243,2018-02-19 07:00:00,2366,1
243,2018-02-19 07:30:00,2367,0
243,2018-02-19 08:00:00,2368,2
243,2018-02-19 08:30:00,2369,5
243,2018-02-19 09:00:00,2370,1
243,2018-02-19 09:30:00,2371,1
243,2018-02-19 10:00:00,2372,1
243,2018-02-19 10:30:00,2373,0
243,2018-02-19 11:00:00,2374,0
243,2018-02-19 11:30:00,2375,0
243,2018-02-19 12:00:00,2376,4
243,2018-02-19 12:30:00,2377,1
243,2018-02-19 13:00:00,2378,0
243,2018-02-19 13:30:00,2379,0
243,2018-02-19 14:00:00,2380,1
243,2018-02-19 14:30:00,2381,3
243,2018-02-19 15:00:00,2382,0
243,2018-02-19 15:30:00,2383,2
243,2018-02-19 16:00:00,2384,0
243,2018-02-19 16:30:00,2385,2
243,2018-02-19 17:00:00,2386,5
243,2018-02-19 17:30:00,2387,0
243,2018-02-19 18:00:00,2388,0
243,2018-02-19 18:30:00,2389,4
243,2018-02-19 19:00:00,2390,0
243,2018-02-19 19:30:00,2391,1
243,2018-02-19 20:00:00,2392,1
243,2018-02-19 20:30:00,2393,2
243,2018-02-19 21:00:00,2394,0
243,2018-02-19 21:30:00,2395,1
243,2018-02-19 22:00:00,2396,1
243,2018-02-19 22:30:00,2397,1
243,2018-02-19 23:00:00,2398,0
243,2018-02-19 23:30:00,2399,0
243,2018-02-20 00:00:00,2400,1
243,2018-02-20 00:30:00,2401,1
243,2018-02-20 01:00:00,2402,0
243,2018-02-20 01:30:00,2403,1
243,2018-02-20 02:00:00,2404,1
243,2018-02-20 02:30:00,2405,0
243,2018-02-20 03:00:00,2406,0
243,2018-02-20 03:30:00,2407,0
243,2018-02-20 04:00:00,2408,0
243,2018-02-20 04:30:00,2409,1
243,2018-02-20 05:00:00,2410,0
243,2018-02-20 05:30:00,2411,0
243,2018-02-20 06:00:00,2412,0
243,2018-02-20 06:30:00,2413,1
243,2018-02-20 07:00:00,2414,0
243,2018-02-20 07:30:00,2415,1
243,2018-02-20 08:00:00,2416,2
243,2018-02-20 08:30:00,2417,0
243,2018-02-20 09:00:00,2418,0
243,2018-02-20 09:30:00,2419,2
243,2018-02-20 10:00:00,2420,1
243,2018-02-20 10:30:00,2421,1
243,2018-02-20 11:00:00,2422,0
243,2018-02-20 11:30:00,2423,1
243,2018-02-20 12:00:00,2424,2
243,2018-02-20 12:30:00,2425,1
243,2018-02-20 13:00:00,2426,1
243,2018-02-20 13:30:00,2427,0
243,2018-02-20 14:00:00,2428,0
243,2018-02-20 14:30:00,2429,0
243,2018-02-20 15:00:00,2430,0
243,2018-02-20 15:30:00,2431,0
243,2018-02-20 16:00:00,2432,0
243,2018-02-20 16:30:00,2433,0
243,2018-02-20 17:00:00,2434,0
243,2018-02-20 17:30:00,2435,1
243,2018-02-20 18:00:00,2436,0
243,2018-02-20 18:30:00,2437,0
243,2018-02-20 19:00:00,2438,0
243,2018-02-20 19:30:00,2439,0
243,2018-02-20 20:00:00,2440,0
243,2018-02-20 20:30:00,2441,1
243,2018-02-20 21:00:00,2442,2
243,2018-02-20 21:30:00,2443,1
243,2018-02-20 22:00:00,2444,0
243,2018-02-20 22:30:00,2445,2
243,2018-02-20 23:00:00,2446,1
243,2018-02-20 23:30:00,2447,2
243,2018-02-21 00:00:00,2448,0
243,2018-02-21 00:30:00,2449,0
243,2018-02-21 01:00:00,2450,0
243,2018-02-21 01:30:00,2451,1
243,2018-02-21 02:00:00,2452,0
243,2018-02-21 02:30:00,2453,0
243,2018-02-21 03:00:00,2454,0
243,2018-02-21 03:30:00,2455,1
243,2018-02-21 04:00:00,2456,0
243,2018-02-21 04:30:00,2457,0
243,2018-02-21 05:00:00,2458,0
243,2018-02-21 05:30:00,2459,0
243,2018-02-21 06:00:00,2460,0
243,2018-02-21 06:30:00,2461,1
243,2018-02-21 07:00:00,2462,0
243,2018-02-21 07:30:00,2463,0
243,2018-02-21 08:00:00,2464,0
243,2018-02-21 08:30:00,2465,1
243,2018-02-21 09:00:00,2466,2
243,2018-02-21 09:30:00,2467,1
243,2018-02-21 10:00:00,2468,1
243,2018-02-21 10:30:00,2469,1
243,2018-02-21 11:00:00,2470,1
243,2018-02-21 11:30:00,2471,0
243,2018-02-21 12:00:00,2472,1
243,2018-02-21 12:30:00,2473,1
243,2018-02-21 13:00:00,2474,1
243,2018-02-21 13:30:00,2475,1
243,2018-02-21 14:00:00,2476,0
243,2018-02-21 14:30:00,2477,0
243,2018-02-21 15:00:00,2478,0
243,2018-02-21 15:30:00,2479,0
243,2018-02-21 16:00:00,2480,1
243,2018-02-21 16:30:00,2481,0
243,2018-02-21 17:00:00,2482,0
243,2018-02-21 17:30:00,2483,0
243,2018-02-21 18:00:00,2484,0
243,2018-02-21 18:30:00,2485,0
243,2018-02-21 19:00:00,2486,1
243,2018-02-21 19:30:00,2487,1
243,2018-02-21 20:00:00,2488,2
243,2018-02-21 20:30:00,2489,2
243,2018-02-21 21:00:00,2490,2
243,2018-02-21 21:30:00,2491,2
243,2018-02-21 22:00:00,2492,2
243,2018-02-21 22:30:00,2493,2
243,2018-02-21 23:00:00,2494,2
243,2018-02-21 23:30:00,2495,0
243,2018-02-22 00:00:00,2496,1
243,2018-02-22 00:30:00,2497,2
243,2018-02-22 01:00:00,2498,0
243,2018-02-22 01:30:00,2499,1
243,2018-02-22 02:00:00,2500,2
243,2018-02-22 02:30:00,2501,1
243,2018-02-22 03:00:00,2502,0
243,2018-02-22 03:30:00,2503,0
243,2018-02-22 04:00:00,2504,0
243,2018-02-22 04:30:00,2505,2
243,2018-02-22 05:00:00,2506,0
243,2018-02-22 05:30:00,2507,1
243,2018-02-22 06:00:00,2508,3
243,2018-02-22 06:30:00,2509,1
243,2018-02-22 07:00:00,2510,2
243,2018-02-22 07:30:00,2511,0
243,2018-02-22 08:00:00,2512,0
243,2018-02-22 08:30:00,2513,0
243,2018-02-22 09:00:00,2514,0
243,2018-02-22 09:30:00,2515,1
243,2018-02-22 10:00:00,2516,1
243,2018-02-22 10:30:00,2517,2
243,2018-02-22 11:00:00,2518,2
243,2018-02-22 11:30:00,2519,1
243,2018-02-22 12:00:00,2520,0
243,2018-02-22 12:30:00,2521,0
243,2018-02-22 13:00:00,2522,2
243,2018-02-22 13:30:00,2523,2
243,2018-02-22 14:00:00,2524,0
243,2018-02-22 14:30:00,2525,1
243,2018-02-22 15:00:00,2526,0
243,2018-02-22 15:30:00,2527,0
243,2018-02-22 16:00:00,2528,1
243,2018-02-22 16:30:00,2529,1
243,2018-02-22 17:00:00,2530,0
243,2018-02-22 17:30:00,2531,2
243,2018-02-22 18:00:00,2532,0
243,2018-02-22 18:30:00,2533,1
243,2018-02-22 19:00:00,2534,3
243,2018-02-22 19:30:00,2535,1
243,2018-02-22 20:00:00,2536,3
243,2018-02-22 20:30:00,2537,1
243,2018-02-22 21:00:00,2538,3
243,2018-02-22 21:30:00,2539,2
243,2018-02-22 22:00:00,2540,4
243,2018-02-22 22:30:00,2541,1
243,2018-02-22 23:00:00,2542,3
243,2018-02-22 23:30:00,2543,1
243,2018-02-23 00:00:00,2544,0
243,2018-02-23 00:30:00,2545,0
243,2018-02-23 01:00:00,2546,2
243,2018-02-23 01:30:00,2547,1
243,2018-02-23 02:00:00,2548,0
243,2018-02-23 02:30:00,2549,0
243,2018-02-23 03:00:00,2550,0
243,2018-02-23 03:30:00,2551,2
243,2018-02-23 04:00:00,2552,0
243,2018-02-23 04:30:00,2553,0
243,2018-02-23 05:00:00,2554,1
243,2018-02-23 05:30:00,2555,0
243,2018-02-23 06:00:00,2556,0
243,2018-02-23 06:30:00,2557,2
243,2018-02-23 07:00:00,2558,1
243,2018-02-23 07:30:00,2559,0
243,2018-02-23 08:00:00,2560,0
243,2018-02-23 08:30:00,2561,1
243,2018-02-23 09:00:00,2562,1
243,2018-02-23 09:30:00,2563,0
243,2018-02-23 10:00:00,2564,1
243,2018-02-23 10:30:00,2565,1
243,2018-02-23 11:00:00,2566,0
243,2018-02-23 11:30:00,2567,1
243,2018-02-23 12:00:00,2568,0
243,2018-02-23 12:30:00,2569,0
243,2018-02-23 13:00:00,2570,1
243,2018-02-23 13:30:00,2571,2
243,2018-02-23 14:00:00,2572,1
243,2018-02-23 14:30:00,2573,1
243,2018-02-23 15:00:00,2574,0
243,2018-02-23 15:30:00,2575,1
243,2018-02-23 16:00:00,2576,1
243,2018-02-23 16:30:00,2577,0
243,2018-02-23 17:00:00,2578,1
243,2018-02-23 17:30:00,2579,2
243,2018-02-23 18:00:00,2580,1
243,2018-02-23 18:30:00,2581,2
243,2018-02-23 19:00:00,2582,0
243,2018-02-23 19:30:00,2583,0
243,2018-02-23 20:00:00,2584,4
243,2018-02-23 20:30:00,2585,0
243,2018-02-23 21:00:00,2586,1
243,2018-02-23 21:30:00,2587,3
243,2018-02-23 22:00:00,2588,3
243,2018-02-23 22:30:00,2589,1
243,2018-02-23 23:00:00,2590,2
243,2018-02-23 23:30:00,2591,1
243,2018-02-24 00:00:00,2592,7
243,2018-02-24 00:30:00,2593,4
243,2018-02-24 01:00:00,2594,2
243,2018-02-24 01:30:00,2595,0
243,2018-02-24 02:00:00,2596,3
243,2018-02-24 02:30:00,2597,1
243,2018-02-24 03:00:00,2598,1
243,2018-02-24 03:30:00,2599,3
243,2018-02-24 04:00:00,2600,1
243,2018-02-24 04:30:00,2601,2
243,2018-02-24 05:00:00,2602,1
243,2018-02-24 05:30:00,2603,0
243,2018-02-24 06:00:00,2604,0
243,2018-02-24 06:30:00,2605,0
243,2018-02-24 07:00:00,2606,1
243,2018-02-24 07:30:00,2607,1
243,2018-02-24 08:00:00,2608,1
243,2018-02-24 08:30:00,2609,1
243,2018-02-24 09:00:00,2610,0
243,2018-02-24 09:30:00,2611,0
243,2018-02-24 10:00:00,2612,1
243,2018-02-24 10:30:00,2613,0
243,2018-02-24 11:00:00,2614,1
243,2018-02-24 11:30:00,2615,0
243,2018-02-24 12:00:00,2616,0
243,2018-02-24 12:30:00,2617,2
243,2018-02-24 13:00:00,2618,1
243,2018-02-24 13:30:00,2619,2
243,2018-02-24 14:00:00,2620,0
243,2018-02-24 14:30:00,2621,2
243,2018-02-24 15:00:00,2622,0
243,2018-02-24 15:30:00,2623,0
243,2018-02-24 16:00:00,2624,1
243,2018-02-24 16:30:00,2625,0
243,2018-02-24 17:00:00,2626,2
243,2018-02-24 17:30:00,2627,2
243,2018-02-24 18:00:00,2628,3
243,2018-02-24 18:30:00,2629,1
243,2018-02-24 19:00:00,2630,1
243,2018-02-24 19:30:00,2631,0
243,2018-02-24 20:00:00,2632,4
243,2018-02-24 20:30:00,2633,0
243,2018-02-24 21:00:00,2634,2
243,2018-02-24 21:30:00,2635,2
243,2018-02-24 22:00:00,2636,4
243,2018-02-24 22:30:00,2637,3
243,2018-02-24 23:00:00,2638,5
243,2018-02-24 23:30:00,2639,3
243,2018-02-25 00:00:00,2640,5
243,2018-02-25 00:30:00,2641,1
243,2018-02-25 01:00:00,2642,2
243,2018-02-25 01:30:00,2643,2
243,2018-02-25 02:00:00,2644,1
243,2018-02-25 02:30:00,2645,2
243,2018-02-25 03:00:00,2646,0
243,2018-02-25 03:30:00,2647,1
243,2018-02-25 04:00:00,2648,5
243,2018-02-25 04:30:00,2649,2
243,2018-02-25 05:00:00,2650,0
243,2018-02-25 05:30:00,2651,0
243,2018-02-25 06:00:00,2652,0
243,2018-02-25 06:30:00,2653,2
243,2018-02-25 07:00:00,2654,1
243,2018-02-25 07:30:00,2655,1
243,2018-02-25 08:00:00,2656,1
243,2018-02-25 08:30:00,2657,1
243,2018-02-25 09:00:00,2658,2
243,2018-02-25 09:30:00,2659,1
243,2018-02-25 10:00:00,2660,1
243,2018-02-25 10:30:00,2661,2
243,2018-02-25 11:00:00,2662,1
243,2018-02-25 11:30:00,2663,2
243,2018-02-25 12:00:00,2664,0
243,2018-02-25 12:30:00,2665,3
243,2018-02-25 13:00:00,2666,1
243,2018-02-25 13:30:00,2667,1
243,2018-02-25 14:00:00,2668,2
243,2018-02-25 14:30:00,2669,1
243,2018-02-25 15:00:00,2670,1
243,2018-02-25 15:30:00,2671,1
243,2018-02-25 16:00:00,2672,3
243,2018-02-25 16:30:00,2673,0
243,2018-02-25 17:00:00,2674,3
243,2018-02-25 17:30:00,2675,0
243,2018-02-25 18:00:00,2676,1
243,2018-02-25 18:30:00,2677,4
243,2018-02-25 19:00:00,2678,1
243,2018-02-25 19:30:00,2679,1
243,2018-02-25 20:00:00,2680,0
243,2018-02-25 20:30:00,2681,2
243,2018-02-25 21:00:00,2682,1
243,2018-02-25 21:30:00,2683,2
243,2018-02-25 22:00:00,2684,3
243,2018-02-25 22:30:00,2685,2
243,2018-02-25 23:00:00,2686,1
243,2018-02-25 23:30:00,2687,3
243,2018-02-26 00:00:00,2688,1
243,2018-02-26 00:30:00,2689,0
243,2018-02-26 01:00:00,2690,0
243,2018-02-26 01:30:00,2691,1
243,2018-02-26 02:00:00,2692,0
243,2018-02-26 02:30:00,2693,0
243,2018-02-26 03:00:00,2694,0
243,2018-02-26 03:30:00,2695,0
243,2018-02-26 04:00:00,2696,0
243,2018-02-26 04:30:00,2697,0
243,2018-02-26 05:00:00,2698,0
243,2018-02-26 05:30:00,2699,0
243,2018-02-26 06:00:00,2700,1
243,2018-02-26 06:30:00,2701,1
243,2018-02-26 07:00:00,2702,0
243,2018-02-26 07:30:00,2703,2
243,2018-02-26 08:00:00,2704,2
243,2018-02-26 08:30:00,2705,1
243,2018-02-26 09:00:00,2706,1
243,2018-02-26 09:30:00,2707,1
243,2018-02-26 10:00:00,2708,2
243,2018-02-26 10:30:00,2709,0
243,2018-02-26 11:00:00,2710,0
243,2018-02-26 11:30:00,2711,0
243,2018-02-26 12:00:00,2712,1
243,2018-02-26 12:30:00,2713,2
243,2018-02-26 13:00:00,2714,0
243,2018-02-26 13:30:00,2715,0
243,2018-02-26 14:00:00,2716,1
243,2018-02-26 14:30:00,2717,1
243,2018-02-26 15:00:00,2718,0
243,2018-02-26 15:30:00,2719,1
243,2018-02-26 16:00:00,2720,0
243,2018-02-26 16:30:00,2721,0
243,2018-02-26 17:00:00,2722,0
243,2018-02-26 17:30:00,2723,2
243,2018-02-26 18:00:00,2724,0
243,2018-02-26 18:30:00,2725,2
243,2018-02-26 19:00:00,2726,1
243,2018-02-26 19:30:00,2727,1
243,2018-02-26 20:00:00,2728,1
243,2018-02-26 20:30:00,2729,0
243,2018-02-26 21:00:00,2730,3
243,2018-02-26 21:30:00,2731,1
243,2018-02-26 22:00:00,2732,1
243,2018-02-26 22:30:00,2733,0
243,2018-02-26 23:00:00,2734,0
243,2018-02-26 23:30:00,2735,1
243,2018-02-27 00:00:00,2736,0
243,2018-02-27 00:30:00,2737,0
243,2018-02-27 01:00:00,2738,0
243,2018-02-27 01:30:00,2739,2
243,2018-02-27 02:00:00,2740,0
243,2018-02-27 02:30:00,2741,0
243,2018-02-27 03:00:00,2742,1
243,2018-02-27 03:30:00,2743,0
243,2018-02-27 04:00:00,2744,0
243,2018-02-27 04:30:00,2745,0
243,2018-02-27 05:00:00,2746,0
243,2018-02-27 05:30:00,2747,0
243,2018-02-27 06:00:00,2748,1
243,2018-02-27 06:30:00,2749,1
243,2018-02-27 07:00:00,2750,1
243,2018-02-27 07:30:00,2751,1
243,2018-02-27 08:00:00,2752,3
243,2018-02-27 08:30:00,2753,0
243,2018-02-27 09:00:00,2754,0
243,2018-02-27 09:30:00,2755,1
243,2018-02-27 10:00:00,2756,0
243,2018-02-27 10:30:00,2757,0
243,2018-02-27 11:00:00,2758,3
243,2018-02-27 11:30:00,2759,0
243,2018-02-27 12:00:00,2760,1
243,2018-02-27 12:30:00,2761,2
243,2018-02-27 13:00:00,2762,0
243,2018-02-27 13:30:00,2763,1
243,2018-02-27 14:00:00,2764,1
243,2018-02-27 14:30:00,2765,0
243,2018-02-27 15:00:00,2766,1
243,2018-02-27 15:30:00,2767,1
243,2018-02-27 16:00:00,2768,1
243,2018-02-27 16:30:00,2769,0
243,2018-02-27 17:00:00,2770,1
243,2018-02-27 17:30:00,2771,1
243,2018-02-27 18:00:00,2772,1
243,2018-02-27 18:30:00,2773,2
243,2018-02-27 19:00:00,2774,1
243,2018-02-27 19:30:00,2775,1
243,2018-02-27 20:00:00,2776,1
243,2018-02-27 20:30:00,2777,0
243,2018-02-27 21:00:00,2778,1
243,2018-02-27 21:30:00,2779,1
243,2018-02-27 22:00:00,2780,1
243,2018-02-27 22:30:00,2781,3
243,2018-02-27 23:00:00,2782,1
243,2018-02-27 23:30:00,2783,3
243,2018-02-28 00:00:00,2784,3
243,2018-02-28 00:30:00,2785,3
243,2018-02-28 01:00:00,2786,1
243,2018-02-28 01:30:00,2787,0
243,2018-02-28 02:00:00,2788,0
243,2018-02-28 02:30:00,2789,0
243,2018-02-28 03:00:00,2790,1
243,2018-02-28 03:30:00,2791,0
243,2018-02-28 04:00:00,2792,0
243,2018-02-28 04:30:00,2793,1
243,2018-02-28 05:00:00,2794,0
243,2018-02-28 05:30:00,2795,1
243,2018-02-28 06:00:00,2796,0
243,2018-02-28 06:30:00,2797,1
243,2018-02-28 07:00:00,2798,0
243,2018-02-28 07:30:00,2799,0
243,2018-02-28 08:00:00,2800,0
243,2018-02-28 08:30:00,2801,1
243,2018-02-28 09:00:00,2802,1
243,2018-02-28 09:30:00,2803,1
243,2018-02-28 10:00:00,2804,0
243,2018-02-28 10:30:00,2805,2
243,2018-02-28 11:00:00,2806,0
243,2018-02-28 11:30:00,2807,4
243,2018-02-28 12:00:00,2808,1
243,2018-02-28 12:30:00,2809,1
243,2018-02-28 13:00:00,2810,1
243,2018-02-28 13:30:00,2811,1
243,2018-02-28 14:00:00,2812,0
243,2018-02-28 14:30:00,2813,0
243,2018-02-28 15:00:00,2814,0
243,2018-02-28 15:30:00,2815,0
243,2018-02-28 16:00:00,2816,2
243,2018-02-28 16:30:00,2817,2
243,2018-02-28 17:00:00,2818,2
243,2018-02-28 17:30:00,2819,1
243,2018-02-28 18:00:00,2820,2
243,2018-02-28 18:30:00,2821,3
243,2018-02-28 19:00:00,2822,0
243,2018-02-28 19:30:00,2823,3
243,2018-02-28 20:00:00,2824,2
243,2018-02-28 20:30:00,2825,1
243,2018-02-28 21:00:00,2826,0
243,2018-02-28 21:30:00,2827,1
243,2018-02-28 22:00:00,2828,0
243,2018-02-28 22:30:00,2829,2
243,2018-02-28 23:00:00,2830,1
243,2018-02-28 23:30:00,2831,1
